iter	RMSE
0	0.2379623326
50	0.1260305319
100	0.06873100931
150	0.04009494067
